sample_id,split,input_start_date,input_end_date,target_date,current_label,target_label,target_code
0,train,,2012-06-29,2012-07-09,Bear,Bear,0
1,train,,2012-07-09,2012-07-16,Bear,Bear,0
2,train,,2012-07-16,2012-07-23,Bear,Bear,0
3,train,,2012-07-23,2012-07-30,Bear,Neutral,1
4,train,,2012-07-30,2012-08-06,Neutral,Neutral,1
5,train,,2012-08-06,2012-08-13,Neutral,Bull,2
6,train,,2012-08-13,2012-08-20,Bull,Bull,2
7,train,,2012-08-20,2012-08-27,Bull,Bull,2
8,train,,2012-08-27,2012-09-04,Bull,Bull,2
9,train,,2012-09-04,2012-09-11,Bull,Bull,2
10,train,,2012-09-11,2012-09-18,Bull,Bull,2
11,train,,2012-09-18,2012-09-25,Bull,Bull,2
12,train,,2012-09-25,2012-10-02,Bull,Bull,2
13,train,,2012-10-02,2012-10-09,Bull,Bull,2
14,train,,2012-10-09,2012-10-16,Bull,Bull,2
15,train,,2012-10-16,2012-10-23,Bull,Bear,0
16,train,,2012-10-23,2012-11-01,Bear,Neutral,1
17,train,,2012-11-01,2012-11-08,Neutral,Bear,0
18,train,,2012-11-08,2012-11-15,Bear,Bear,0
19,train,,2012-11-15,2012-11-23,Bear,Bear,0
20,train,,2012-11-23,2012-11-30,Bear,Bear,0
21,train,,2012-11-30,2012-12-07,Bear,Bear,0
22,train,,2012-12-07,2012-12-14,Bear,Bear,0
23,train,,2012-12-14,2012-12-21,Bear,Bear,0
24,train,,2012-12-21,2012-12-31,Bear,Bear,0
25,train,,2012-12-31,2013-01-08,Bear,Bear,0
26,train,,2013-01-08,2013-01-15,Bear,Bull,2
27,train,,2013-01-15,2013-01-23,Bull,Bull,2
28,train,,2013-01-23,2013-01-30,Bull,Bull,2
29,train,,2013-01-30,2013-02-06,Bull,Bull,2
30,train,,2013-02-06,2013-02-13,Bull,Bull,2
31,train,,2013-02-13,2013-02-21,Bull,Bull,2
32,train,,2013-02-21,2013-02-28,Bull,Bull,2
33,train,,2013-02-28,2013-03-07,Bull,Bull,2
34,train,,2013-03-07,2013-03-14,Bull,Bull,2
35,train,,2013-03-14,2013-03-21,Bull,Bull,2
36,train,,2013-03-21,2013-03-28,Bull,Bull,2
37,train,,2013-03-28,2013-04-05,Bull,Bull,2
38,train,,2013-04-05,2013-04-12,Bull,Bull,2
39,train,,2013-04-12,2013-04-19,Bull,Bear,0
40,train,,2013-04-19,2013-04-26,Bear,Bull,2
41,train,,2013-04-26,2013-05-03,Bull,Bull,2
42,train,,2013-05-03,2013-05-10,Bull,Bull,2
43,train,,2013-05-10,2013-05-17,Bull,Bull,2
44,train,,2013-05-17,2013-05-24,Bull,Bull,2
45,train,,2013-05-24,2013-06-03,Bull,Bull,2
46,train,,2013-06-03,2013-06-10,Bull,Bull,2
47,train,,2013-06-10,2013-06-17,Bull,Neutral,1
48,train,,2013-06-17,2013-06-24,Neutral,Bear,0
49,train,,2013-06-24,2013-07-01,Bear,Bear,0
50,train,,2013-07-01,2013-07-09,Bear,Bear,0
51,train,,2013-07-09,2013-07-16,Bear,Neutral,1
52,train,,2013-07-16,2013-07-23,Neutral,Neutral,1
53,train,,2013-07-23,2013-07-30,Neutral,Bull,2
54,train,,2013-07-30,2013-08-06,Bull,Bull,2
55,train,,2013-08-06,2013-08-13,Bull,Bull,2
56,train,,2013-08-13,2013-08-20,Bull,Neutral,1
57,train,,2013-08-20,2013-08-27,Neutral,Bear,0
58,train,,2013-08-27,2013-09-04,Bear,Neutral,1
59,train,,2013-09-04,2013-09-11,Neutral,Bear,0
60,train,,2013-09-11,2013-09-18,Bear,Neutral,1
61,train,,2013-09-18,2013-09-25,Neutral,Bear,0
62,train,,2013-09-25,2013-10-02,Bear,Bear,0
63,train,,2013-10-02,2013-10-09,Bear,Bear,0
64,train,,2013-10-09,2013-10-16,Bear,Neutral,1
65,train,,2013-10-16,2013-10-23,Neutral,Neutral,1
66,train,,2013-10-23,2013-10-30,Neutral,Neutral,1
67,train,,2013-10-30,2013-11-06,Neutral,Bull,2
68,train,,2013-11-06,2013-11-13,Bull,Bull,2
69,train,,2013-11-13,2013-11-20,Bull,Bull,2
70,train,,2013-11-20,2013-11-27,Bull,Bull,2
71,train,,2013-11-27,2013-12-05,Bull,Bull,2
72,train,,2013-12-05,2013-12-12,Bull,Bull,2
73,train,,2013-12-12,2013-12-19,Bull,Bull,2
74,train,,2013-12-19,2013-12-27,Bull,Bull,2
75,train,,2013-12-27,2014-01-06,Bull,Bull,2
76,train,,2014-01-06,2014-01-13,Bull,Bull,2
77,train,,2014-01-13,2014-01-21,Bull,Bull,2
78,train,,2014-01-21,2014-01-28,Bull,Neutral,1
79,train,,2014-01-28,2014-02-04,Neutral,Bear,0
80,train,,2014-02-04,2014-02-11,Bear,Bear,0
81,train,,2014-02-11,2014-02-19,Bear,Bear,0
82,train,,2014-02-19,2014-02-26,Bear,Neutral,1
83,train,,2014-02-26,2014-03-05,Neutral,Neutral,1
84,train,,2014-03-05,2014-03-12,Neutral,Neutral,1
85,train,,2014-03-12,2014-03-19,Neutral,Neutral,1
86,train,,2014-03-19,2014-03-26,Neutral,Bull,2
87,train,,2014-03-26,2014-04-02,Bull,Bull,2
88,train,,2014-04-02,2014-04-09,Bull,Neutral,1
89,train,,2014-04-09,2014-04-16,Neutral,Neutral,1
90,train,,2014-04-16,2014-04-24,Neutral,Neutral,1
91,train,,2014-04-24,2014-05-01,Neutral,Neutral,1
92,train,,2014-05-01,2014-05-08,Neutral,Neutral,1
93,train,,2014-05-08,2014-05-15,Neutral,Neutral,1
94,train,,2014-05-15,2014-05-22,Neutral,Bear,0
95,train,,2014-05-22,2014-05-30,Bear,Bull,2
96,train,,2014-05-30,2014-06-06,Bull,Bull,2
97,train,,2014-06-06,2014-06-13,Bull,Bull,2
98,train,,2014-06-13,2014-06-20,Bull,Neutral,1
99,train,,2014-06-20,2014-06-27,Neutral,Neutral,1
100,train,,2014-06-27,2014-07-07,Neutral,Neutral,1
101,train,,2014-07-07,2014-07-14,Neutral,Neutral,1
102,train,,2014-07-14,2014-07-21,Neutral,Neutral,1
103,train,,2014-07-21,2014-07-28,Neutral,Neutral,1
104,train,,2014-07-28,2014-08-04,Neutral,Bear,0
105,train,,2014-08-04,2014-08-11,Bear,Bear,0
106,train,,2014-08-11,2014-08-18,Bear,Bear,0
107,train,,2014-08-18,2014-08-25,Bear,Bull,2
108,train,,2014-08-25,2014-09-02,Bull,Bull,2
109,train,,2014-09-02,2014-09-09,Bull,Bull,2
110,train,,2014-09-09,2014-09-16,Bull,Bull,2
111,train,,2014-09-16,2014-09-23,Bull,Bull,2
112,train,,2014-09-23,2014-09-30,Bull,Bear,0
113,train,,2014-09-30,2014-10-07,Bear,Bear,0
114,train,,2014-10-07,2014-10-14,Bear,Bear,0
115,train,,2014-10-14,2014-10-21,Bear,Bear,0
116,train,,2014-10-21,2014-10-28,Bear,Bear,0
117,train,,2014-10-28,2014-11-04,Bear,Bear,0
118,train,,2014-11-04,2014-11-11,Bear,Bull,2
119,train,,2014-11-11,2014-11-18,Bull,Bull,2
120,train,,2014-11-18,2014-11-25,Bull,Neutral,1
121,train,,2014-11-25,2014-12-03,Neutral,Neutral,1
122,train,,2014-12-03,2014-12-10,Neutral,Bear,0
123,train,,2014-12-10,2014-12-17,Bear,Bear,0
124,train,,2014-12-17,2014-12-24,Bear,Bull,2
125,train,,2014-12-24,2015-01-02,Bull,Bear,0
126,train,,2015-01-02,2015-01-09,Bear,Bear,0
127,train,,2015-01-09,2015-01-16,Bear,Bear,0
128,train,,2015-01-16,2015-01-26,Bear,Bear,0
129,train,,2015-01-26,2015-02-02,Bear,Bear,0
130,train,,2015-02-02,2015-02-09,Bear,Bear,0
131,train,,2015-02-09,2015-02-17,Bear,Bull,2
132,train,,2015-02-17,2015-02-24,Bull,Bull,2
133,train,,2015-02-24,2015-03-03,Bull,Bull,2
134,train,,2015-03-03,2015-03-10,Bull,Bear,0
135,train,,2015-03-10,2015-03-17,Bear,Bear,0
136,train,,2015-03-17,2015-03-24,Bear,Bull,2
137,train,,2015-03-24,2015-03-31,Bull,Bear,0
138,train,,2015-03-31,2015-04-08,Bear,Bear,0
139,train,,2015-04-08,2015-04-15,Bear,Bull,2
140,train,,2015-04-15,2015-04-22,Bull,Bull,2
141,train,,2015-04-22,2015-04-29,Bull,Bull,2
142,train,,2015-04-29,2015-05-06,Bull,Bull,2
143,train,,2015-05-06,2015-05-13,Bull,Bull,2
144,train,,2015-05-13,2015-05-20,Bull,Bull,2
145,train,,2015-05-20,2015-05-28,Bull,Bull,2
146,train,,2015-05-28,2015-06-04,Bull,Bull,2
147,train,,2015-06-04,2015-06-11,Bull,Bull,2
148,train,,2015-06-11,2015-06-18,Bull,Bull,2
149,train,,2015-06-18,2015-06-25,Bull,Bull,2
150,train,,2015-06-25,2015-07-02,Bull,Bear,0
151,train,,2015-07-02,2015-07-10,Bear,Bear,0
152,train,,2015-07-10,2015-07-17,Bear,Bear,0
153,train,,2015-07-17,2015-07-24,Bear,Bear,0
154,train,,2015-07-24,2015-07-31,Bear,Bull,2
155,train,,2015-07-31,2015-08-07,Bull,Bull,2
156,train,,2015-08-07,2015-08-14,Bull,Bull,2
157,train,,2015-08-14,2015-08-21,Bull,Bear,0
158,train,,2015-08-21,2015-08-28,Bear,Bear,0
159,train,,2015-08-28,2015-09-04,Bear,Bear,0
160,train,,2015-09-04,2015-09-14,Bear,Bear,0
161,train,,2015-09-14,2015-09-21,Bear,Bear,0
162,train,,2015-09-21,2015-09-28,Bear,Bear,0
163,train,,2015-09-28,2015-10-05,Bear,Bear,0
164,train,,2015-10-05,2015-10-12,Bear,Bear,0
165,train,,2015-10-12,2015-10-19,Bear,Bear,0
166,train,,2015-10-19,2015-10-26,Bear,Neutral,1
167,train,,2015-10-26,2015-11-02,Neutral,Neutral,1
168,train,,2015-11-02,2015-11-09,Neutral,Bull,2
169,train,,2015-11-09,2015-11-16,Bull,Bear,0
170,train,,2015-11-16,2015-11-23,Bear,Bull,2
171,train,,2015-11-23,2015-12-01,Bull,Bull,2
172,train,,2015-12-01,2015-12-08,Bull,Bear,0
173,train,,2015-12-08,2015-12-15,Bear,Bear,0
174,train,,2015-12-15,2015-12-22,Bear,Bear,0
175,train,,2015-12-22,2015-12-30,Bear,Bear,0
176,train,,2015-12-30,2016-01-07,Bear,Bear,0
177,train,,2016-01-07,2016-01-14,Bear,Bear,0
178,train,,2016-01-14,2016-01-22,Bear,Bear,0
179,train,,2016-01-22,2016-01-29,Bear,Bear,0
180,train,,2016-01-29,2016-02-05,Bear,Bear,0
181,train,,2016-02-05,2016-02-12,Bear,Bear,0
182,train,,2016-02-12,2016-02-22,Bear,Bear,0
183,train,,2016-02-22,2016-02-29,Bear,Bear,0
184,train,,2016-02-29,2016-03-07,Bear,Neutral,1
185,train,,2016-03-07,2016-03-14,Neutral,Bear,0
186,train,,2016-03-14,2016-03-21,Bear,Neutral,1
187,train,,2016-03-21,2016-03-29,Neutral,Neutral,1
188,train,,2016-03-29,2016-04-05,Neutral,Bear,0
189,train,,2016-04-05,2016-04-12,Bear,Bear,0
190,train,,2016-04-12,2016-04-19,Bear,Bull,2
191,train,,2016-04-19,2016-04-26,Bull,Bull,2
192,train,,2016-04-26,2016-05-03,Bull,Bull,2
193,train,,2016-05-03,2016-05-10,Bull,Bull,2
194,train,,2016-05-10,2016-05-17,Bull,Bull,2
195,train,,2016-05-17,2016-05-24,Bull,Bull,2
196,train,,2016-05-24,2016-06-01,Bull,Bull,2
197,train,,2016-06-01,2016-06-08,Bull,Bull,2
198,train,,2016-06-08,2016-06-15,Bull,Bull,2
199,train,,2016-06-15,2016-06-22,Bull,Bull,2
200,train,,2016-06-22,2016-06-29,Bull,Neutral,1
201,train,,2016-06-29,2016-07-07,Neutral,Bull,2
202,train,,2016-07-07,2016-07-14,Bull,Bull,2
203,train,,2016-07-14,2016-07-21,Bull,Bull,2
204,train,,2016-07-21,2016-07-28,Bull,Bear,0
205,train,,2016-07-28,2016-08-04,Bear,Bear,0
206,train,,2016-08-04,2016-08-11,Bear,Neutral,1
207,train,,2016-08-11,2016-08-18,Neutral,Neutral,1
208,train,,2016-08-18,2016-08-25,Neutral,Bear,0
209,train,,2016-08-25,2016-09-01,Bear,Bear,0
210,train,,2016-09-01,2016-09-09,Bear,Bear,0
211,train,,2016-09-09,2016-09-16,Bear,Bull,2
212,train,,2016-09-16,2016-09-23,Bull,Bull,2
213,train,,2016-09-23,2016-09-30,Bull,Bull,2
214,train,,2016-09-30,2016-10-07,Bull,Bull,2
215,train,,2016-10-07,2016-10-14,Bull,Neutral,1
216,train,,2016-10-14,2016-10-21,Neutral,Bull,2
217,train,,2016-10-21,2016-10-28,Bull,Bull,2
218,train,,2016-10-28,2016-11-04,Bull,Bull,2
219,train,,2016-11-04,2016-11-11,Bull,Bull,2
220,train,,2016-11-11,2016-11-18,Bull,Bull,2
221,train,,2016-11-18,2016-11-28,Bull,Bull,2
222,train,,2016-11-28,2016-12-05,Bull,Bull,2
223,train,,2016-12-05,2016-12-12,Bull,Neutral,1
224,train,,2016-12-12,2016-12-19,Neutral,Neutral,1
225,train,,2016-12-19,2016-12-27,Neutral,Neutral,1
226,train,,2016-12-27,2017-01-04,Neutral,Neutral,1
227,train,,2017-01-04,2017-01-11,Neutral,Neutral,1
228,train,,2017-01-11,2017-01-19,Neutral,Neutral,1
229,train,,2017-01-19,2017-01-26,Neutral,Neutral,1
230,train,,2017-01-26,2017-02-02,Neutral,Neutral,1
231,train,,2017-02-02,2017-02-09,Neutral,Bull,2
232,train,,2017-02-09,2017-02-16,Bull,Bull,2
233,train,,2017-02-16,2017-02-24,Bull,Bull,2
234,train,,2017-02-24,2017-03-03,Bull,Bull,2
235,train,,2017-03-03,2017-03-10,Bull,Bull,2
236,train,,2017-03-10,2017-03-17,Bull,Bull,2
237,train,,2017-03-17,2017-03-24,Bull,Bull,2
238,train,,2017-03-24,2017-03-31,Bull,Bull,2
239,train,,2017-03-31,2017-04-07,Bull,Bull,2
240,train,,2017-04-07,2017-04-17,Bull,Neutral,1
241,train,,2017-04-17,2017-04-24,Neutral,Neutral,1
242,train,,2017-04-24,2017-05-01,Neutral,Neutral,1
243,train,,2017-05-01,2017-05-08,Neutral,Neutral,1
244,train,,2017-05-08,2017-05-15,Neutral,Neutral,1
245,train,,2017-05-15,2017-05-22,Neutral,Neutral,1
246,train,,2017-05-22,2017-05-30,Neutral,Neutral,1
247,train,,2017-05-30,2017-06-06,Neutral,Bull,2
248,train,,2017-06-06,2017-06-13,Bull,Bull,2
249,train,,2017-06-13,2017-06-20,Bull,Bull,2
250,train,,2017-06-20,2017-06-27,Bull,Bull,2
251,train,,2017-06-27,2017-07-05,Bull,Bull,2
252,train,,2017-07-05,2017-07-12,Bull,Bull,2
253,train,,2017-07-12,2017-07-19,Bull,Bull,2
254,train,,2017-07-19,2017-07-26,Bull,Bull,2
255,train,,2017-07-26,2017-08-02,Bull,Bull,2
256,train,,2017-08-02,2017-08-09,Bull,Bull,2
257,train,,2017-08-09,2017-08-16,Bull,Bull,2
258,train,,2017-08-16,2017-08-23,Bull,Bear,0
259,train,,2017-08-23,2017-08-30,Bear,Neutral,1
260,train,,2017-08-30,2017-09-07,Neutral,Bear,0
261,train,,2017-09-07,2017-09-14,Bear,Bear,0
262,train,,2017-09-14,2017-09-21,Bear,Bull,2
263,train,,2017-09-21,2017-09-28,Bull,Bull,2
264,train,,2017-09-28,2017-10-05,Bull,Bull,2
265,train,,2017-10-05,2017-10-12,Bull,Bull,2
266,train,,2017-10-12,2017-10-19,Bull,Bull,2
267,train,,2017-10-19,2017-10-26,Bull,Bull,2
268,train,,2017-10-26,2017-11-02,Bull,Bull,2
269,train,,2017-11-02,2017-11-09,Bull,Bull,2
270,train,,2017-11-09,2017-11-16,Bull,Bull,2
271,train,,2017-11-16,2017-11-24,Bull,Bull,2
272,train,,2017-11-24,2017-12-01,Bull,Bull,2
273,train,,2017-12-01,2017-12-08,Bull,Bull,2
274,train,,2017-12-08,2017-12-15,Bull,Bull,2
275,train,,2017-12-15,2017-12-22,Bull,Bull,2
276,train,,2017-12-22,2018-01-02,Bull,Bull,2
277,train,,2018-01-02,2018-01-09,Bull,Bull,2
278,train,,2018-01-09,2018-01-17,Bull,Bull,2
279,train,,2018-01-17,2018-01-24,Bull,Bull,2
280,train,,2018-01-24,2018-01-31,Bull,Bear,0
281,train,,2018-01-31,2018-02-07,Bear,Neutral,1
282,train,,2018-02-07,2018-02-14,Neutral,Neutral,1
283,train,,2018-02-14,2018-02-22,Neutral,Neutral,1
284,train,,2018-02-22,2018-03-01,Neutral,Bear,0
285,train,,2018-03-01,2018-03-08,Bear,Neutral,1
286,train,,2018-03-08,2018-03-15,Neutral,Bear,0
287,train,,2018-03-15,2018-03-22,Bear,Bear,0
288,train,,2018-03-22,2018-03-29,Bear,Bear,0
289,train,,2018-03-29,2018-04-06,Bear,Bear,0
290,train,,2018-04-06,2018-04-13,Bear,Bear,0
291,train,,2018-04-13,2018-04-20,Bear,Bear,0
292,train,,2018-04-20,2018-04-27,Bear,Bear,0
293,train,,2018-04-27,2018-05-04,Bear,Bear,0
294,train,,2018-05-04,2018-05-11,Bear,Bear,0
295,train,,2018-05-11,2018-05-18,Bear,Bear,0
296,train,,2018-05-18,2018-05-25,Bear,Bear,0
297,train,,2018-05-25,2018-06-04,Bear,Bear,0
298,train,,2018-06-04,2018-06-11,Bear,Neutral,1
299,train,,2018-06-11,2018-06-18,Neutral,Neutral,1
300,train,,2018-06-18,2018-06-25,Neutral,Bear,0
301,train,,2018-06-25,2018-07-02,Bear,Bear,0
302,train,,2018-07-02,2018-07-10,Bear,Neutral,1
303,train,,2018-07-10,2018-07-17,Neutral,Neutral,1
304,train,,2018-07-17,2018-07-24,Neutral,Neutral,1
305,train,,2018-07-24,2018-07-31,Neutral,Neutral,1
306,train,,2018-07-31,2018-08-07,Neutral,Bull,2
307,train,,2018-08-07,2018-08-14,Bull,Bull,2
308,train,,2018-08-14,2018-08-21,Bull,Bull,2
309,train,,2018-08-21,2018-08-28,Bull,Bull,2
310,train,,2018-08-28,2018-09-05,Bull,Bull,2
311,train,,2018-09-05,2018-09-12,Bull,Bull,2
312,train,,2018-09-12,2018-09-19,Bull,Bull,2
313,train,,2018-09-19,2018-09-26,Bull,Bull,2
314,train,,2018-09-26,2018-10-03,Bull,Bull,2
315,train,,2018-10-03,2018-10-10,Bull,Bear,0
316,train,,2018-10-10,2018-10-17,Bear,Bear,0
317,train,,2018-10-17,2018-10-24,Bear,Bear,0
318,train,,2018-10-24,2018-10-31,Bear,Bear,0
319,train,,2018-10-31,2018-11-07,Bear,Bear,0
320,train,,2018-11-07,2018-11-14,Bear,Neutral,1
321,train,,2018-11-14,2018-11-21,Neutral,Bear,0
322,train,,2018-11-21,2018-11-29,Bear,Bear,0
323,train,,2018-11-29,2018-12-07,Bear,Bear,0
324,train,,2018-12-07,2018-12-14,Bear,Bear,0
325,train,,2018-12-14,2018-12-21,Bear,Bear,0
326,train,,2018-12-21,2018-12-31,Bear,Bear,0
327,train,,2018-12-31,2019-01-08,Bear,Bear,0
328,train,,2019-01-08,2019-01-15,Bear,Bear,0
329,train,,2019-01-15,2019-01-23,Bear,Bear,0
330,train,,2019-01-23,2019-01-30,Bear,Bear,0
331,train,,2019-01-30,2019-02-06,Bear,Bear,0
332,train,,2019-02-06,2019-02-13,Bear,Bear,0
333,train,,2019-02-13,2019-02-21,Bear,Neutral,1
334,train,,2019-02-21,2019-02-28,Neutral,Neutral,1
335,train,,2019-02-28,2019-03-07,Neutral,Neutral,1
336,train,,2019-03-07,2019-03-14,Neutral,Neutral,1
337,train,,2019-03-14,2019-03-21,Neutral,Neutral,1
338,train,,2019-03-21,2019-03-28,Neutral,Neutral,1
339,train,,2019-03-28,2019-04-04,Neutral,Neutral,1
340,train,,2019-04-04,2019-04-11,Neutral,Neutral,1
341,train,,2019-04-11,2019-04-18,Neutral,Neutral,1
342,train,,2019-04-18,2019-04-26,Neutral,Bull,2
343,train,,2019-04-26,2019-05-03,Bull,Bull,2
344,train,,2019-05-03,2019-05-10,Bull,Neutral,1
345,train,,2019-05-10,2019-05-17,Neutral,Neutral,1
346,train,,2019-05-17,2019-05-24,Neutral,Neutral,1
347,train,,2019-05-24,2019-06-03,Neutral,Bear,0
348,train,,2019-06-03,2019-06-10,Bear,Bear,0
349,train,,2019-06-10,2019-06-17,Bear,Neutral,1
350,train,,2019-06-17,2019-06-24,Neutral,Neutral,1
351,train,,2019-06-24,2019-07-01,Neutral,Neutral,1
352,train,,2019-07-01,2019-07-09,Neutral,Bull,2
353,train,,2019-07-09,2019-07-16,Bull,Bull,2
354,train,,2019-07-16,2019-07-23,Bull,Bull,2
355,train,,2019-07-23,2019-07-30,Bull,Bull,2
356,train,,2019-07-30,2019-08-06,Bull,Bear,0
357,train,,2019-08-06,2019-08-13,Bear,Bear,0
358,train,,2019-08-13,2019-08-20,Bear,Bear,0
359,train,,2019-08-20,2019-08-27,Bear,Bear,0
360,train,,2019-08-27,2019-09-04,Bear,Bear,0
361,train,,2019-09-04,2019-09-11,Bear,Bear,0
362,train,,2019-09-11,2019-09-18,Bear,Neutral,1
363,train,,2019-09-18,2019-09-25,Neutral,Bear,0
364,train,,2019-09-25,2019-10-02,Bear,Bear,0
365,train,,2019-10-02,2019-10-09,Bear,Bear,0
366,train,,2019-10-09,2019-10-16,Bear,Neutral,1
367,train,,2019-10-16,2019-10-23,Neutral,Neutral,1
368,train,,2019-10-23,2019-10-30,Neutral,Neutral,1
369,train,,2019-10-30,2019-11-06,Neutral,Bull,2
370,train,,2019-11-06,2019-11-13,Bull,Bull,2
371,train,,2019-11-13,2019-11-20,Bull,Bull,2
372,train,,2019-11-20,2019-11-27,Bull,Bull,2
373,train,,2019-11-27,2019-12-05,Bull,Bull,2
374,train,,2019-12-05,2019-12-12,Bull,Bull,2
375,train,,2019-12-12,2019-12-19,Bull,Bull,2
376,train,,2019-12-19,2019-12-27,Bull,Bull,2
377,train,,2019-12-27,2020-01-06,Bull,Bull,2
378,train,,2020-01-06,2020-01-13,Bull,Bull,2
379,train,,2020-01-13,2020-01-21,Bull,Bull,2
380,train,,2020-01-21,2020-01-28,Bull,Neutral,1
381,train,,2020-01-28,2020-02-04,Neutral,Neutral,1
382,train,,2020-02-04,2020-02-11,Neutral,Neutral,1
383,train,,2020-02-11,2020-02-19,Neutral,Neutral,1
384,train,,2020-02-19,2020-02-26,Neutral,Bear,0
385,train,,2020-02-26,2020-03-04,Bear,Bear,0
386,train,,2020-03-04,2020-03-11,Bear,Bear,0
387,train,,2020-03-11,2020-03-18,Bear,Bear,0
388,train,,2020-03-18,2020-03-25,Bear,Bear,0
389,train,,2020-03-25,2020-04-01,Bear,Bear,0
390,train,,2020-04-01,2020-04-08,Bear,Bear,0
391,train,,2020-04-08,2020-04-16,Bear,Bear,0
392,train,,2020-04-16,2020-04-23,Bear,Bear,0
393,train,,2020-04-23,2020-04-30,Bear,Bear,0
394,train,,2020-04-30,2020-05-07,Bear,Bear,0
395,train,,2020-05-07,2020-05-14,Bear,Neutral,1
396,train,,2020-05-14,2020-05-21,Neutral,Neutral,1
397,train,,2020-05-21,2020-05-29,Neutral,Neutral,1
398,train,,2020-05-29,2020-06-05,Neutral,Bear,0
399,train,,2020-06-05,2020-06-12,Bear,Bear,0
400,train,,2020-06-12,2020-06-19,Bear,Bear,0
401,train,,2020-06-19,2020-06-26,Bear,Bear,0
402,train,,2020-06-26,2020-07-06,Bear,Bear,0
403,train,,2020-07-06,2020-07-13,Bear,Bear,0
404,train,,2020-07-13,2020-07-20,Bear,Neutral,1
405,train,,2020-07-20,2020-07-27,Neutral,Neutral,1
406,train,,2020-07-27,2020-08-03,Neutral,Bull,2
407,train,,2020-08-03,2020-08-10,Bull,Bull,2
408,train,,2020-08-10,2020-08-17,Bull,Bull,2
409,train,,2020-08-17,2020-08-24,Bull,Bull,2
410,train,,2020-08-24,2020-08-31,Bull,Bull,2
411,train,,2020-08-31,2020-09-08,Bull,Neutral,1
412,train,,2020-09-08,2020-09-15,Neutral,Neutral,1
413,train,,2020-09-15,2020-09-22,Neutral,Neutral,1
414,train,,2020-09-22,2020-09-29,Neutral,Neutral,1
415,train,,2020-09-29,2020-10-06,Neutral,Neutral,1
416,train,,2020-10-06,2020-10-13,Neutral,Neutral,1
417,train,,2020-10-13,2020-10-20,Neutral,Neutral,1
418,train,,2020-10-20,2020-10-27,Neutral,Neutral,1
419,train,,2020-10-27,2020-11-03,Neutral,Neutral,1
420,train,,2020-11-03,2020-11-10,Neutral,Neutral,1
421,train,,2020-11-10,2020-11-17,Neutral,Neutral,1
422,train,,2020-11-17,2020-11-24,Neutral,Neutral,1
423,train,,2020-11-24,2020-12-02,Neutral,Bull,2
424,train,,2020-12-02,2020-12-09,Bull,Bull,2
425,train,,2020-12-09,2020-12-16,Bull,Bull,2
426,train,,2020-12-16,2020-12-23,Bull,Bull,2
427,train,,2020-12-23,2020-12-31,Bull,Bull,2
428,train,,2020-12-31,2021-01-08,Bull,Bull,2
429,train,,2021-01-08,2021-01-15,Bull,Bull,2
430,train,,2021-01-15,2021-01-25,Bull,Bull,2
431,train,,2021-01-25,2021-02-01,Bull,Neutral,1
432,train,,2021-02-01,2021-02-08,Neutral,Bull,2
433,train,,2021-02-08,2021-02-16,Bull,Bull,2
434,train,,2021-02-16,2021-02-23,Bull,Bull,2
435,train,,2021-02-23,2021-03-02,Bull,Neutral,1
436,train,,2021-03-02,2021-03-09,Neutral,Neutral,1
437,train,,2021-03-09,2021-03-16,Neutral,Bull,2
438,train,,2021-03-16,2021-03-23,Bull,Neutral,1
439,train,,2021-03-23,2021-03-30,Neutral,Bull,2
440,train,,2021-03-30,2021-04-07,Bull,Bull,2
441,train,,2021-04-07,2021-04-14,Bull,Bull,2
442,train,,2021-04-14,2021-04-21,Bull,Bull,2
443,train,,2021-04-21,2021-04-28,Bull,Bull,2
444,train,,2021-04-28,2021-05-05,Bull,Bull,2
445,train,,2021-05-05,2021-05-12,Bull,Neutral,1
446,train,,2021-05-12,2021-05-19,Neutral,Neutral,1
447,train,,2021-05-19,2021-05-26,Neutral,Bull,2
448,train,,2021-05-26,2021-06-03,Bull,Bull,2
449,train,,2021-06-03,2021-06-10,Bull,Bull,2
450,train,,2021-06-10,2021-06-17,Bull,Bull,2
451,train,,2021-06-17,2021-06-24,Bull,Bull,2
452,train,,2021-06-24,2021-07-01,Bull,Bull,2
453,train,,2021-07-01,2021-07-09,Bull,Bull,2
454,train,,2021-07-09,2021-07-16,Bull,Bull,2
455,train,,2021-07-16,2021-07-23,Bull,Bull,2
456,train,,2021-07-23,2021-07-30,Bull,Bull,2
457,train,,2021-07-30,2021-08-06,Bull,Bull,2
458,train,,2021-08-06,2021-08-13,Bull,Bull,2
459,train,,2021-08-13,2021-08-20,Bull,Bull,2
460,train,,2021-08-20,2021-08-27,Bull,Bull,2
461,train,,2021-08-27,2021-09-03,Bull,Bull,2
462,train,,2021-09-03,2021-09-13,Bull,Bull,2
463,train,,2021-09-13,2021-09-20,Bull,Bear,0
464,train,,2021-09-20,2021-09-27,Bear,Bear,0
465,train,,2021-09-27,2021-10-04,Bear,Neutral,1
466,train,,2021-10-04,2021-10-11,Neutral,Bear,0
467,train,,2021-10-11,2021-10-18,Bear,Neutral,1
468,train,,2021-10-18,2021-10-25,Neutral,Neutral,1
469,train,,2021-10-25,2021-11-01,Neutral,Bull,2
470,train,,2021-11-01,2021-11-08,Bull,Bull,2
471,train,,2021-11-08,2021-11-15,Bull,Bull,2
472,train,,2021-11-15,2021-11-22,Bull,Bull,2
473,train,,2021-11-22,2021-11-30,Bull,Neutral,1
474,train,,2021-11-30,2021-12-07,Neutral,Neutral,1
475,train,,2021-12-07,2021-12-14,Neutral,Bull,2
476,train,,2021-12-14,2021-12-21,Bull,Neutral,1
477,train,,2021-12-21,2021-12-29,Neutral,Neutral,1
478,train,,2021-12-29,2022-01-05,Neutral,Neutral,1
479,train,,2022-01-05,2022-01-12,Neutral,Bull,2
480,train,,2022-01-12,2022-01-20,Bull,Neutral,1
481,train,,2022-01-20,2022-01-27,Neutral,Neutral,1
482,train,,2022-01-27,2022-02-03,Neutral,Neutral,1
483,train,,2022-02-03,2022-02-10,Neutral,Neutral,1
484,train,,2022-02-10,2022-02-17,Neutral,Neutral,1
485,train,,2022-02-17,2022-02-25,Neutral,Neutral,1
486,train,,2022-02-25,2022-03-04,Neutral,Neutral,1
487,train,,2022-03-04,2022-03-11,Neutral,Bear,0
488,valid,,2022-03-11,2022-03-18,Bear,Bear,0
489,valid,,2022-03-18,2022-03-25,Bear,Bear,0
490,valid,,2022-03-25,2022-04-01,Bear,Bear,0
491,valid,,2022-04-01,2022-04-08,Bear,Bear,0
492,valid,,2022-04-08,2022-04-18,Bear,Bear,0
493,valid,,2022-04-18,2022-04-25,Bear,Bear,0
494,valid,,2022-04-25,2022-05-02,Bear,Bear,0
495,valid,,2022-05-02,2022-05-09,Bear,Bear,0
496,valid,,2022-05-09,2022-05-16,Bear,Bear,0
497,valid,,2022-05-16,2022-05-23,Bear,Bear,0
498,valid,,2022-05-23,2022-05-31,Bear,Bear,0
499,valid,,2022-05-31,2022-06-07,Bear,Bear,0
500,valid,,2022-06-07,2022-06-14,Bear,Bear,0
501,valid,,2022-06-14,2022-06-22,Bear,Bear,0
502,valid,,2022-06-22,2022-06-29,Bear,Bear,0
503,valid,,2022-06-29,2022-07-07,Bear,Bear,0
504,valid,,2022-07-07,2022-07-14,Bear,Bear,0
505,valid,,2022-07-14,2022-07-21,Bear,Bear,0
506,valid,,2022-07-21,2022-07-28,Bear,Bear,0
507,valid,,2022-07-28,2022-08-04,Bear,Neutral,1
508,valid,,2022-08-04,2022-08-11,Neutral,Neutral,1
509,valid,,2022-08-11,2022-08-18,Neutral,Neutral,1
510,valid,,2022-08-18,2022-08-25,Neutral,Neutral,1
511,valid,,2022-08-25,2022-09-01,Neutral,Neutral,1
512,valid,,2022-09-01,2022-09-09,Neutral,Bear,0
513,valid,,2022-09-09,2022-09-16,Bear,Bear,0
514,valid,,2022-09-16,2022-09-23,Bear,Bear,0
515,valid,,2022-09-23,2022-09-30,Bear,Bear,0
516,valid,,2022-09-30,2022-10-07,Bear,Bear,0
517,valid,,2022-10-07,2022-10-14,Bear,Bear,0
518,valid,,2022-10-14,2022-10-21,Bear,Bear,0
519,valid,,2022-10-21,2022-10-28,Bear,Bear,0
520,valid,,2022-10-28,2022-11-04,Bear,Bear,0
521,valid,,2022-11-04,2022-11-11,Bear,Bear,0
522,valid,,2022-11-11,2022-11-18,Bear,Neutral,1
523,valid,,2022-11-18,2022-11-28,Neutral,Neutral,1
524,valid,,2022-11-28,2022-12-05,Neutral,Bear,0
525,valid,,2022-12-05,2022-12-12,Bear,Bear,0
526,valid,,2022-12-12,2022-12-19,Bear,Bear,0
527,valid,,2022-12-19,2022-12-27,Bear,Bear,0
528,valid,,2022-12-27,2023-01-04,Bear,Bear,0
529,valid,,2023-01-04,2023-01-11,Bear,Bear,0
530,valid,,2023-01-11,2023-01-19,Bear,Bear,0
531,valid,,2023-01-19,2023-01-26,Bear,Bear,0
532,valid,,2023-01-26,2023-02-02,Bear,Bear,0
533,valid,,2023-02-02,2023-02-09,Bear,Bear,0
534,valid,,2023-02-09,2023-02-16,Bear,Bear,0
535,valid,,2023-02-16,2023-02-24,Bear,Bear,0
536,valid,,2023-02-24,2023-03-03,Bear,Bear,0
537,valid,,2023-03-03,2023-03-10,Bear,Bear,0
538,valid,,2023-03-10,2023-03-17,Bear,Neutral,1
539,valid,,2023-03-17,2023-03-24,Neutral,Neutral,1
540,valid,,2023-03-24,2023-03-31,Neutral,Neutral,1
541,valid,,2023-03-31,2023-04-10,Neutral,Neutral,1
542,valid,,2023-04-10,2023-04-17,Neutral,Bull,2
543,valid,,2023-04-17,2023-04-24,Bull,Bull,2
544,valid,,2023-04-24,2023-05-01,Bull,Bull,2
545,valid,,2023-05-01,2023-05-08,Bull,Bull,2
546,valid,,2023-05-08,2023-05-15,Bull,Bull,2
547,valid,,2023-05-15,2023-05-22,Bull,Bull,2
548,valid,,2023-05-22,2023-05-30,Bull,Bull,2
549,valid,,2023-05-30,2023-06-06,Bull,Bull,2
550,valid,,2023-06-06,2023-06-13,Bull,Bull,2
551,valid,,2023-06-13,2023-06-21,Bull,Bull,2
552,valid,,2023-06-21,2023-06-28,Bull,Bull,2
553,valid,,2023-06-28,2023-07-06,Bull,Bull,2
554,valid,,2023-07-06,2023-07-13,Bull,Bull,2
555,valid,,2023-07-13,2023-07-20,Bull,Bull,2
556,valid,,2023-07-20,2023-07-27,Bull,Bull,2
557,valid,,2023-07-27,2023-08-03,Bull,Bull,2
558,valid,,2023-08-03,2023-08-10,Bull,Bull,2
559,valid,,2023-08-10,2023-08-17,Bull,Bull,2
560,valid,,2023-08-17,2023-08-24,Bull,Bull,2
561,valid,,2023-08-24,2023-08-31,Bull,Bull,2
562,valid,,2023-08-31,2023-09-08,Bull,Bull,2
563,valid,,2023-09-08,2023-09-15,Bull,Bull,2
564,valid,,2023-09-15,2023-09-22,Bull,Bull,2
565,valid,,2023-09-22,2023-09-29,Bull,Neutral,1
566,valid,,2023-09-29,2023-10-06,Neutral,Neutral,1
567,valid,,2023-10-06,2023-10-13,Neutral,Neutral,1
568,valid,,2023-10-13,2023-10-20,Neutral,Neutral,1
569,valid,,2023-10-20,2023-10-27,Neutral,Neutral,1
570,valid,,2023-10-27,2023-11-03,Neutral,Neutral,1
571,valid,,2023-11-03,2023-11-10,Neutral,Neutral,1
572,valid,,2023-11-10,2023-11-17,Neutral,Bull,2
573,valid,,2023-11-17,2023-11-27,Bull,Bull,2
574,valid,,2023-11-27,2023-12-04,Bull,Bull,2
575,valid,,2023-12-04,2023-12-11,Bull,Bull,2
576,valid,,2023-12-11,2023-12-18,Bull,Bull,2
577,valid,,2023-12-18,2023-12-26,Bull,Bull,2
578,valid,,2023-12-26,2024-01-03,Bull,Bull,2
579,valid,,2024-01-03,2024-01-10,Bull,Bull,2
580,valid,,2024-01-10,2024-01-18,Bull,Bull,2
581,valid,,2024-01-18,2024-01-25,Bull,Bull,2
582,valid,,2024-01-25,2024-02-01,Bull,Bull,2
583,valid,,2024-02-01,2024-02-08,Bull,Bull,2
584,valid,,2024-02-08,2024-02-15,Bull,Bull,2
585,valid,,2024-02-15,2024-02-23,Bull,Bull,2
586,valid,,2024-02-23,2024-03-01,Bull,Bull,2
587,valid,,2024-03-01,2024-03-08,Bull,Bull,2
588,valid,,2024-03-08,2024-03-15,Bull,Bull,2
589,valid,,2024-03-15,2024-03-22,Bull,Bull,2
590,valid,,2024-03-22,2024-04-01,Bull,Bull,2
591,valid,,2024-04-01,2024-04-08,Bull,Bull,2
592,valid,,2024-04-08,2024-04-15,Bull,Neutral,1
593,test,,2024-04-15,2024-04-22,Neutral,Neutral,1
594,test,,2024-04-22,2024-04-29,Neutral,Neutral,1
595,test,,2024-04-29,2024-05-06,Neutral,Neutral,1
596,test,,2024-05-06,2024-05-13,Neutral,Neutral,1
597,test,,2024-05-13,2024-05-20,Neutral,Neutral,1
598,test,,2024-05-20,2024-05-28,Neutral,Bull,2
599,test,,2024-05-28,2024-06-04,Bull,Bull,2
600,test,,2024-06-04,2024-06-11,Bull,Bull,2
601,test,,2024-06-11,2024-06-18,Bull,Bull,2
602,test,,2024-06-18,2024-06-26,Bull,Bull,2
603,test,,2024-06-26,2024-07-03,Bull,Bull,2
604,test,,2024-07-03,2024-07-11,Bull,Bull,2
605,test,,2024-07-11,2024-07-18,Bull,Bull,2
606,test,,2024-07-18,2024-07-25,Bull,Neutral,1
607,test,,2024-07-25,2024-08-01,Neutral,Neutral,1
608,test,,2024-08-01,2024-08-08,Neutral,Bear,0
609,test,,2024-08-08,2024-08-15,Bear,Bear,0
610,test,,2024-08-15,2024-08-22,Bear,Bear,0
611,test,,2024-08-22,2024-08-29,Bear,Neutral,1
612,test,,2024-08-29,2024-09-06,Neutral,Bear,0
613,test,,2024-09-06,2024-09-13,Bear,Neutral,1
614,test,,2024-09-13,2024-09-20,Neutral,Neutral,1
615,test,,2024-09-20,2024-09-27,Neutral,Bull,2
616,test,,2024-09-27,2024-10-04,Bull,Bear,0
617,test,,2024-10-04,2024-10-11,Bear,Bull,2
618,test,,2024-10-11,2024-10-18,Bull,Bull,2
619,test,,2024-10-18,2024-10-25,Bull,Bull,2
620,test,,2024-10-25,2024-11-01,Bull,Neutral,1
621,test,,2024-11-01,2024-11-08,Neutral,Neutral,1
622,test,,2024-11-08,2024-11-15,Neutral,Neutral,1
623,test,,2024-11-15,2024-11-22,Neutral,Neutral,1
624,test,,2024-11-22,2024-12-02,Neutral,Neutral,1
625,test,,2024-12-02,2024-12-09,Neutral,Bull,2
626,test,,2024-12-09,2024-12-16,Bull,Bull,2
627,test,,2024-12-16,2024-12-23,Bull,Neutral,1
628,test,,2024-12-23,2024-12-31,Neutral,Bear,0
629,test,,2024-12-31,2025-01-08,Bear,Bear,0
630,test,,2025-01-08,2025-01-16,Bear,Bear,0
631,test,,2025-01-16,2025-01-24,Bear,Bull,2
632,test,,2025-01-24,2025-01-31,Bull,Bull,2
633,test,,2025-01-31,2025-02-07,Bull,Bull,2
634,test,,2025-02-07,2025-02-14,Bull,Bull,2
635,test,,2025-02-14,2025-02-24,Bull,Bull,2
636,test,,2025-02-24,2025-03-03,Bull,Bear,0
637,test,,2025-03-03,2025-03-10,Bear,Bear,0
638,test,,2025-03-10,2025-03-17,Bear,Bear,0
639,test,,2025-03-17,2025-03-24,Bear,Bear,0
640,test,,2025-03-24,2025-03-31,Bear,Bear,0
641,test,,2025-03-31,2025-04-07,Bear,Bear,0
642,test,,2025-04-07,2025-04-14,Bear,Bear,0
643,test,,2025-04-14,2025-04-22,Bear,Bear,0
644,test,,2025-04-22,2025-04-29,Bear,Bear,0
645,test,,2025-04-29,2025-05-06,Bear,Bear,0
646,test,,2025-05-06,2025-05-13,Bear,Neutral,1
647,test,,2025-05-13,2025-05-20,Neutral,Bear,0
648,test,,2025-05-20,2025-05-28,Bear,Bear,0
649,test,,2025-05-28,2025-06-04,Bear,Bear,0
650,test,,2025-06-04,2025-06-11,Bear,Bear,0
651,test,,2025-06-11,2025-06-18,Bear,Bear,0
652,test,,2025-06-18,2025-06-26,Bear,Bull,2
653,test,,2025-06-26,2025-07-03,Bull,Bull,2
654,test,,2025-07-03,2025-07-11,Bull,Bull,2
655,test,,2025-07-11,2025-07-18,Bull,Bull,2
656,test,,2025-07-18,2025-07-25,Bull,Bull,2
657,test,,2025-07-25,2025-08-01,Bull,Bull,2
658,test,,2025-08-01,2025-08-08,Bull,Bull,2
659,test,,2025-08-08,2025-08-15,Bull,Bull,2
660,test,,2025-08-15,2025-08-22,Bull,Bull,2
661,test,,2025-08-22,2025-08-29,Bull,Bull,2
662,test,,2025-08-29,2025-09-08,Bull,Bull,2
663,test,,2025-09-08,2025-09-15,Bull,Bull,2
664,test,,2025-09-15,2025-09-22,Bull,Bull,2
665,test,,2025-09-22,2025-09-29,Bull,Bull,2
666,test,,2025-09-29,2025-10-06,Bull,Bull,2
667,test,,2025-10-06,2025-10-13,Bull,Bear,0
668,test,,2025-10-13,2025-10-20,Bear,Bear,0
669,test,,2025-10-20,2025-10-27,Bear,Bear,0
670,test,,2025-10-27,2025-11-03,Bear,Bear,0
671,test,,2025-11-03,2025-11-10,Bear,Bear,0
672,test,,2025-11-10,2025-11-17,Bear,Bear,0
673,test,,2025-11-17,2025-11-24,Bear,Bear,0
674,test,,2025-11-24,2025-12-02,Bear,Bear,0
675,test,,2025-12-02,2025-12-09,Bear,Bear,0
676,test,,2025-12-09,2025-12-16,Bear,Bear,0
677,test,,2025-12-16,2025-12-23,Bear,Bear,0
678,test,,2025-12-23,2025-12-31,Bear,Bull,2
679,test,,2025-12-31,2026-01-08,Bull,Bull,2
680,test,,2026-01-08,2026-01-15,Bull,Bull,2
681,test,,2026-01-15,2026-01-23,Bull,Bear,0
682,test,,2026-01-23,2026-01-30,Bear,Bull,2
683,test,,2026-01-30,2026-02-06,Bull,Bear,0
684,test,,2026-02-06,2026-02-13,Bear,Bear,0
685,test,,2026-02-13,2026-02-23,Bear,Bear,0
686,test,,2026-02-23,2026-03-02,Bear,Bear,0
687,test,,2026-03-02,2026-03-09,Bear,Bear,0
688,test,,2026-03-09,2026-03-16,Bear,Bear,0
689,test,,2026-03-16,2026-03-23,Bear,Bear,0
690,test,,2026-03-23,2026-03-30,Bear,Neutral,1
691,test,,2026-03-30,2026-04-07,Neutral,Neutral,1
692,test,,2026-04-07,2026-04-14,Neutral,Neutral,1
693,test,,2026-04-14,2026-04-21,Neutral,Neutral,1
694,test,,2026-04-21,2026-04-28,Neutral,Bear,0
695,test,,2026-04-28,2026-05-05,Bear,Bull,2
696,test,,2026-05-05,2026-05-12,Bull,Bull,2
697,test,,2026-05-12,2026-05-15,Bull,Bull,2
